ID,name,Make,Model,Version,Price,Link,Model Date,Km Run,Energy,Engine Type,City,Color,Assembly,EngineCapacity,image1,image2,image3,image4,image5,Features
1,"
Mazda Scrum  2013 PC for Sale",Mazda,Scrum,PC,"
PKR 9.95 lacs",https://www.pakwheels.com/used-cars/mazda-scrum-2013-for-sale-in-lahore-3036384,2013,"

81,800 km","

Petrol","

Automatic",Un-Registered,Silver,Imported,660 cc,https://cache1.pakwheels.com/ad_pictures/2779/mazda-scrum-pc-2-2013-27795526.jpg,https://cache4.pakwheels.com/ad_pictures/2779/mazda-scrum-pc-2-2013-27795527.jpg,https://cache4.pakwheels.com/ad_pictures/2779/mazda-scrum-pc-2-2013-27795528.jpg,https://cache2.pakwheels.com/ad_pictures/2779/mazda-scrum-pc-2-2013-27795529.jpg,https://cache4.pakwheels.com/ad_pictures/2779/mazda-scrum-pc-2-2013-27795530.jpg,"['AM/FM Radio', 'Air Conditioning', 'Power Steering', 'Power Windows']"
2,"
Mazda Scrum  2013 PA for Sale",Mazda,Scrum,,"
PKR 11 lacs",https://www.pakwheels.com/used-cars/mazda-scrum-2013-for-sale-in-gujranwala-3264927,2013,"

49,000 km","

Petrol","

Manual",Un-Registered,White,Imported,660 cc,https://cache4.pakwheels.com/ad_pictures/2919/mazda-scrum-pa-2-2013-v-1-29191144.jpg,https://cache2.pakwheels.com/ad_pictures/2919/mazda-scrum-pa-2-2013-29191145.jpg,https://cache4.pakwheels.com/ad_pictures/2919/mazda-scrum-pa-2-2013-29191146.jpg,https://cache2.pakwheels.com/ad_pictures/2919/mazda-scrum-pa-2-2013-29191147.jpg,https://cache1.pakwheels.com/ad_pictures/2919/mazda-scrum-pa-2-2013-29191148.jpg,"['ABS', 'AM/FM Radio', 'Air Bags', 'Air Conditioning', 'Front Speakers', 'Power Steering']"
3,"
Mazda Scrum  2013 PC for Sale",Mazda,Scrum,PC,"
PKR 10.6 lacs",https://www.pakwheels.com/used-cars/mazda-scrum-2013-for-sale-in-sialkot-2880810,2013,"

61,000 km","

Petrol","

Automatic",Un-Registered,White,Imported,660 cc,https://cache3.pakwheels.com/ad_pictures/2706/mazda-scrum-pc-2-2013-27064791.jpg,https://cache1.pakwheels.com/ad_pictures/2498/mazda-scrum-pc-2-2013-24985044.png,https://cache1.pakwheels.com/ad_pictures/2498/mazda-scrum-pc-2-2013-24985046.png,https://cache4.pakwheels.com/ad_pictures/2498/mazda-scrum-pc-2-2013-24985042.png,https://cache3.pakwheels.com/ad_pictures/2498/mazda-scrum-pc-2-2013-24985048.png,"['ABS', 'AM/FM Radio', 'Air Bags', 'Air Conditioning', 'Front Speakers', 'Keyless Entry', 'Power Locks', 'Power Steering', 'Power Windows', 'Rear speakers', 'Steering Switches']"
4,"
Mazda Scrum  2014 PC for Sale",Mazda,Scrum,PC,"
PKR 9.85 lacs",https://www.pakwheels.com/used-cars/mazda-scrum-2014-for-sale-in-islamabad-2951156,2014,"

42,000 km","

Petrol","

Automatic",Un-Registered,White,Imported,660 cc,https://cache2.pakwheels.com/ad_pictures/2571/mazda-scrum-pc-2-2014-25712863.jpg,https://cache3.pakwheels.com/ad_pictures/2571/mazda-scrum-pc-2-2014-25712864.jpg,https://cache3.pakwheels.com/ad_pictures/2571/mazda-scrum-pc-2-2014-25712865.jpg,https://cache1.pakwheels.com/ad_pictures/2571/mazda-scrum-pc-2-2014-25713527.jpg,https://cache2.pakwheels.com/ad_pictures/2571/mazda-scrum-pc-2-2014-25713528.jpg,[]
5,"
Mazda Scrum  2013 PA for Sale",Mazda,Scrum,,"
PKR 9.65 lacs",https://www.pakwheels.com/used-cars/mazda-scrum-2013-for-sale-in-lahore-3038525,2013,"

58,000 km","

Petrol","

Automatic",Un-Registered,White,Imported,660 cc,https://cache2.pakwheels.com/ad_pictures/2663/mazda-scrum-pa-2-2013-26639994.jpg,https://cache1.pakwheels.com/ad_pictures/2663/mazda-scrum-pa-2-2013-26639993.jpg,https://cache4.pakwheels.com/ad_pictures/2663/mazda-scrum-pa-2-2013-26639990.jpg,https://cache4.pakwheels.com/ad_pictures/2663/mazda-scrum-pa-2-2013-26639995.jpg,https://cache2.pakwheels.com/ad_pictures/2663/mazda-scrum-pa-2-2013-26639992.jpg,"['Air Bags', 'Air Conditioning']"
6,"
Mazda Scrum  2014 PA for Sale",Mazda,Scrum,,"
PKR 9.85 lacs",https://www.pakwheels.com/used-cars/mazda-scrum-2014-for-sale-in-lahore-2771063,2014,"

68,000 km","

Petrol","

Automatic",Un-Registered,White,Imported,660 cc,https://cache3.pakwheels.com/ad_pictures/2384/mazda-scrum-pa-2-2014-23847844.jpg,https://cache3.pakwheels.com/ad_pictures/2384/mazda-scrum-pa-2-2014-23847839.jpg,https://cache4.pakwheels.com/ad_pictures/2384/mazda-scrum-pa-2-2014-23847840.jpg,https://cache1.pakwheels.com/ad_pictures/2384/mazda-scrum-pa-2-2014-23847841.jpg,https://cache2.pakwheels.com/ad_pictures/2384/mazda-scrum-pa-2-2014-23847842.jpg,"['Air Conditioning', 'Power Locks', 'Power Windows']"
7,"
Mazda Scrum  2014 PC for Sale",Mazda,Scrum,,"
PKR 9.85 lacs",https://www.pakwheels.com/used-cars/mazda-scrum-2014-for-sale-in-lahore-2689967,2014,"

58,000 km","

Petrol","

Automatic",Un-Registered,White,Imported,660 cc,https://cache3.pakwheels.com/ad_pictures/2299/mazda-scrum-pc-2-2014-22998470.jpg,https://cache3.pakwheels.com/ad_pictures/2299/mazda-scrum-pc-2-2014-22998471.jpg,https://cache2.pakwheels.com/ad_pictures/2299/mazda-scrum-pc-2-2014-22998472.jpg,https://cache1.pakwheels.com/ad_pictures/2299/mazda-scrum-pc-2-2014-22998473.jpg,https://cache1.pakwheels.com/ad_pictures/2299/mazda-scrum-pc-2-2014-22998474.jpg,"['ABS', 'Air Bags']"
8,"
Mazda Scrum  2012 PA for Sale",Mazda,Scrum,PA,"

                        Call",https://www.pakwheels.com/used-cars/mazda-scrum-2012-for-sale-in-rawalpindi-3227608,2012,"

51,000 km","

Petrol","

Automatic",Un-Registered,Black,Imported,660 cc,https://cache2.pakwheels.com/ad_pictures/2876/mazda-scrum-pa-2-2012-28761134.jpg,https://cache4.pakwheels.com/ad_pictures/2876/mazda-scrum-pa-2-2012-28761136.jpg,https://cache2.pakwheels.com/ad_pictures/2876/mazda-scrum-pa-2-2012-28761137.jpg,https://cache3.pakwheels.com/ad_pictures/2876/mazda-scrum-pa-2-2012-28761138.jpg,https://cache2.pakwheels.com/ad_pictures/2876/mazda-scrum-pa-2-2012-28761139.jpg,"['ABS', 'AM/FM Radio', 'Air Bags', 'Air Conditioning', 'Alloy Rims', 'CD Player', 'Cassette Player', 'DVD Player', 'Keyless Entry', 'Navigation System', 'Power Locks', 'Power Mirrors', 'Power Steering', 'Power Windows']"
9,"
Mazda Scrum  2013  for Sale",Mazda,Scrum,,"
PKR 11.55 lacs",https://www.pakwheels.com/used-cars/mazda-scrum-2013-for-sale-in-islamabad-3267854,2013,"

78,000 km","

Petrol","

Automatic",Islamabad,White,Imported,660 cc,,,,,,"['ABS', 'AM/FM Radio', 'Air Bags', 'Air Conditioning', 'Immobilizer Key', 'Keyless Entry', 'Power Locks', 'Power Steering', 'Power Windows']"
10,"
Mazda Scrum  2013  for Sale",Mazda,Scrum,,"
PKR 11 lacs",https://www.pakwheels.com/used-cars/mazda-scrum-2013-for-sale-in-rawalpindi-3194707,2013,"

40,000 km","

Petrol","

Automatic",Un-Registered,White,Imported,660 cc,https://cache1.pakwheels.com/ad_pictures/2837/mazda-scrum-2013-28379325.jpg,https://cache3.pakwheels.com/ad_pictures/2837/mazda-scrum-2013-28379326.jpg,https://cache1.pakwheels.com/ad_pictures/2837/mazda-scrum-2013-28379327.jpg,https://cache1.pakwheels.com/ad_pictures/2837/mazda-scrum-2013-28379328.jpg,https://cache4.pakwheels.com/ad_pictures/2837/mazda-scrum-2013-28379329.jpg,"['ABS', 'AM/FM Radio', 'Air Bags', 'Air Conditioning', 'CD Player', 'CoolBox', 'Power Locks', 'Power Steering', 'Power Windows']"
11,"
Mazda Scrum  2017 PC for Sale",Mazda,Scrum,PC,"
PKR 9.9 lacs",https://www.pakwheels.com/used-cars/mazda-scrum-2017-for-sale-in-wazirabad-3235364,2017,"

110,000 km","

Petrol","

Manual",Lahore,White,Imported,660 cc,https://cache4.pakwheels.com/ad_pictures/2885/mazda-scrum-pc-2-2017-28850841.jpg,https://cache3.pakwheels.com/ad_pictures/2885/mazda-scrum-pc-2-2017-28850842.jpg,https://cache1.pakwheels.com/ad_pictures/2885/mazda-scrum-pc-2-2017-28850843.jpg,https://cache3.pakwheels.com/ad_pictures/2885/mazda-scrum-pc-2-2017-28850844.jpg,https://cache1.pakwheels.com/ad_pictures/2885/mazda-scrum-pc-2-2017-28850846.jpg,"['ABS', 'AM/FM Radio', 'Air Bags', 'Air Conditioning', 'Alloy Rims', 'CD Player', 'CoolBox', 'DVD Player', 'Immobilizer Key', 'Keyless Entry', 'Power Locks', 'Power Mirrors', 'Power Steering', 'Power Windows']"
12,"
Mazda Scrum  2013 PA for Sale",Mazda,Scrum,,"
PKR 10.75 lacs",https://www.pakwheels.com/used-cars/mazda-scrum-2013-for-sale-in-gujranwala-3160935,2013,"

35,000 km","

Petrol","

Manual",Un-Registered,White,Imported,660 cc,https://cache4.pakwheels.com/ad_pictures/2799/mazda-scrum-pa-2-2013-27996193.jpg,https://cache4.pakwheels.com/ad_pictures/2799/mazda-scrum-pa-2-2013-27996194.jpg,https://cache1.pakwheels.com/ad_pictures/2799/mazda-scrum-pa-2-2013-27996195.jpg,https://cache2.pakwheels.com/ad_pictures/2799/mazda-scrum-pa-2-2013-27996197.jpg,https://cache1.pakwheels.com/ad_pictures/2799/mazda-scrum-pa-2-2013-27996199.jpg,"['ABS', 'AM/FM Radio', 'Air Bags', 'Air Conditioning', 'Immobilizer Key', 'Keyless Entry', 'Power Locks', 'Power Steering']"
13,"
Mazda Scrum  2013 PC for Sale",Mazda,Scrum,,"
PKR 10.75 lacs",https://www.pakwheels.com/used-cars/mazda-scrum-2013-for-sale-in-gujranwala-3057865,2013,"

35,000 km","

Petrol","

Manual",Un-Registered,Silver,Imported,660 cc,https://cache4.pakwheels.com/ad_pictures/2685/mazda-scrum-pc-2-2013-26851543.jpg,https://cache1.pakwheels.com/ad_pictures/2685/mazda-scrum-pc-2-2013-26851549.jpg,https://cache2.pakwheels.com/ad_pictures/2685/mazda-scrum-pc-2-2013-26851550.jpg,https://cache4.pakwheels.com/ad_pictures/2685/mazda-scrum-pc-2-2013-26851553.jpg,https://cache3.pakwheels.com/ad_pictures/2685/mazda-scrum-pc-2-2013-26851556.jpg,"['ABS', 'AM/FM Radio', 'Air Bags', 'Air Conditioning', 'Alloy Rims', 'CD Player', 'DVD Player', 'Immobilizer Key', 'Keyless Entry', 'Power Locks', 'Power Steering', 'Power Windows']"
14,"
Mazda Scrum  2013  for Sale",Mazda,Scrum,,"
PKR 13.52 lacs",https://www.pakwheels.com/used-cars/mazda-scrum-2013-for-sale-in-lahore-3244213,2013,"

40,400 km","

Petrol","

Automatic",Un-Registered,Silver,Imported,660 cc,https://cache3.pakwheels.com/ad_pictures/2895/suzuki-every-wagon-pz-turbo-2-2013-28953394.jpg,https://cache4.pakwheels.com/ad_pictures/2895/suzuki-every-wagon-pz-turbo-2-2013-28953398.jpg,https://cache3.pakwheels.com/ad_pictures/2895/suzuki-every-wagon-pz-turbo-2-2013-28953393.jpg,https://cache2.pakwheels.com/ad_pictures/2895/suzuki-every-wagon-pz-turbo-2-2013-28953396.jpg,https://cache3.pakwheels.com/ad_pictures/2895/suzuki-every-wagon-pz-turbo-2-2013-28953397.jpg,"['ABS', 'AM/FM Radio', 'Air Bags', 'Air Conditioning', 'Alloy Rims', 'CD Player', 'Keyless Entry', 'Power Locks', 'Power Mirrors', 'Power Steering', 'Power Windows']"
15,"
Mazda Scrum  2013 PC for Sale",Mazda,Scrum,PC,"
PKR 11.25 lacs",https://www.pakwheels.com/used-cars/mazda-scrum-2013-for-sale-in-gujranwala-3264934,2013,"

50,000 km","

Petrol","

Manual",Un-Registered,White,Imported,660 cc,https://cache3.pakwheels.com/ad_pictures/2919/mazda-scrum-pc-2-2013-29191208.jpg,https://cache3.pakwheels.com/ad_pictures/2919/mazda-scrum-pc-2-2013-29191209.jpg,https://cache3.pakwheels.com/ad_pictures/2919/mazda-scrum-pc-2-2013-29191210.jpg,https://cache1.pakwheels.com/ad_pictures/2919/mazda-scrum-pc-2-2013-29191211.jpg,https://cache4.pakwheels.com/ad_pictures/2919/mazda-scrum-pc-2-2013-29191212.jpg,"['ABS', 'AM/FM Radio', 'Air Bags', 'Air Conditioning', 'Front Speakers', 'Immobilizer Key', 'Keyless Entry', 'Power Locks', 'Power Steering', 'Power Windows']"
16,"
Mazda Scrum  2014 PC for Sale",Mazda,Scrum,PC,"
PKR 9.95 lacs",https://www.pakwheels.com/used-cars/mazda-scrum-2014-for-sale-in-lahore-2895746,2014,"

75,000 km","

Petrol","

Automatic",Un-Registered,Silver,Imported,660 cc,https://cache3.pakwheels.com/ad_pictures/2513/mazda-scrum-pa-2-2014-25132461.jpg,https://cache1.pakwheels.com/ad_pictures/2513/mazda-scrum-pa-2-2014-25132462.jpg,https://cache2.pakwheels.com/ad_pictures/2513/mazda-scrum-pa-2-2014-25132463.jpg,https://cache3.pakwheels.com/ad_pictures/2513/mazda-scrum-pa-2-2014-25132464.jpg,https://cache4.pakwheels.com/ad_pictures/2513/mazda-scrum-pa-2-2014-25132465.jpg,"['ABS', 'AM/FM Radio', 'Air Bags', 'Air Conditioning', 'CD Player', 'DVD Player', 'Immobilizer Key', 'Navigation System', 'Power Locks', 'Power Steering', 'Power Windows']"
17,"
Mazda Scrum  2009  for Sale",Mazda,Scrum,,"
PKR 6.5 lacs",https://www.pakwheels.com/used-cars/mazda-scrum-2009-for-sale-in-karachi-3262676,2009,"

100,000 km","

Petrol","

Automatic",Karachi,White,Imported,660 cc,https://cache2.pakwheels.com/ad_pictures/2916/mazda-scrum-2009-29166768.jpg,https://cache2.pakwheels.com/ad_pictures/2916/mazda-scrum-2009-29166769.jpg,https://cache1.pakwheels.com/ad_pictures/2916/mazda-scrum-2009-29166995.jpg,https://cache2.pakwheels.com/ad_pictures/2916/mazda-scrum-2009-29166764.jpg,https://cache4.pakwheels.com/ad_pictures/2916/mazda-scrum-2009-29166774.jpg,"['ABS', 'AM/FM Radio', 'Air Bags', 'Air Conditioning', 'Keyless Entry', 'Power Locks', 'Power Steering', 'Power Windows', 'Sun Roof']"
18,"
Mazda Scrum  2013  for Sale",Mazda,Scrum,,"
PKR 13.58 lacs",https://www.pakwheels.com/used-cars/mazda-scrum-2013-for-sale-in-lahore-3255962,2013,"

40,400 km","

Petrol","

Automatic",Un-Registered,Silver,Imported,660 cc,https://cache3.pakwheels.com/ad_pictures/2909/mazda-scrum-2013-29090206.jpg,https://cache2.pakwheels.com/ad_pictures/2909/mazda-scrum-2013-29090209.jpg,https://cache3.pakwheels.com/ad_pictures/2909/mazda-scrum-2013-29090201.jpg,https://cache4.pakwheels.com/ad_pictures/2909/mazda-scrum-2013-29090200.jpg,https://cache1.pakwheels.com/ad_pictures/2909/mazda-scrum-2013-29090210.jpg,"['ABS', 'AM/FM Radio', 'Air Bags', 'Air Conditioning', 'Alloy Rims', 'Keyless Entry', 'Power Locks', 'Power Mirrors', 'Power Steering', 'Power Windows']"
19,"
Mazda Scrum  2013  for Sale",Mazda,Scrum,,"
PKR 13.6 lacs",https://www.pakwheels.com/used-cars/mazda-scrum-2013-for-sale-in-lahore-3255953,2013,"

40,434 km","

Petrol","

Automatic",Un-Registered,Silver,Imported,660 cc,https://cache1.pakwheels.com/ad_pictures/2909/suzuki-every-wagon-pz-turbo-2-2013-29090057.jpg,https://cache2.pakwheels.com/ad_pictures/2909/suzuki-every-wagon-pz-turbo-2-2013-29090046.jpg,https://cache4.pakwheels.com/ad_pictures/2909/suzuki-every-wagon-pz-turbo-2-2013-29090047.jpg,https://cache3.pakwheels.com/ad_pictures/2909/suzuki-every-wagon-pz-turbo-2-2013-29090045.jpg,https://cache3.pakwheels.com/ad_pictures/2909/suzuki-every-wagon-pz-turbo-2-2013-29090074.jpg,"['ABS', 'AM/FM Radio', 'Air Bags', 'Air Conditioning', 'Alloy Rims', 'CD Player', 'Keyless Entry', 'Power Locks', 'Power Mirrors', 'Power Steering', 'Power Windows']"
20,"
Mazda Scrum  2010  for Sale",Mazda,Scrum,,"
PKR 8.7 lacs",https://www.pakwheels.com/used-cars/mazda-scrum-2010-for-sale-in-islamabad-3235545,2010,"

55,000 km","

Petrol","

Automatic",Islamabad,Turquoise,Imported,660 cc,https://cache2.pakwheels.com/ad_pictures/2885/mazda-scrum-2010-v-1-28853028.jpg,https://cache2.pakwheels.com/ad_pictures/2885/suzuki-alto-eco-s-2010-28853024.jpg,https://cache2.pakwheels.com/ad_pictures/2885/suzuki-alto-eco-s-2010-28853027.jpg,https://cache4.pakwheels.com/ad_pictures/2885/suzuki-alto-eco-s-2010-28853026.jpg,,"['ABS', 'AM/FM Radio', 'Air Bags', 'Air Conditioning', 'CD Player', 'Keyless Entry', 'Power Locks', 'Power Mirrors', 'Power Steering', 'Power Windows']"
21,"
Mazda Scrum  2012  for Sale",Mazda,Scrum,,"
PKR 9.4 lacs",https://www.pakwheels.com/used-cars/mazda-scrum-2012-for-sale-in-gujranwala-3250762,2012,"

71,000 km","

Petrol","

Automatic",Lahore,White,Imported,660 cc,https://cache1.pakwheels.com/ad_pictures/2902/mazda-scrum-2018-29029116.jpg,https://cache1.pakwheels.com/ad_pictures/2902/mazda-scrum-2018-29029123.jpg,https://cache1.pakwheels.com/ad_pictures/2902/mazda-scrum-2018-29029122.jpg,https://cache4.pakwheels.com/ad_pictures/2902/mazda-scrum-2018-29029114.jpg,https://cache1.pakwheels.com/ad_pictures/2902/mazda-scrum-2018-29029115.jpg,[]
22,"
Mazda Scrum  2018  for Sale",Mazda,Scrum,,"
PKR 11 lacs",https://www.pakwheels.com/used-cars/mazda-scrum-2018-for-sale-in-gujranwala-3239182,2018,"

50,000 km","

Petrol","

Manual",Lahore,White,Imported,600 cc,https://cache4.pakwheels.com/ad_pictures/2889/mazda-scrum-2018-28894207.jpg,https://cache1.pakwheels.com/ad_pictures/2889/mazda-scrum-2018-28894208.jpg,,,,"['ABS', 'AM/FM Radio', 'CD Player', 'DVD Player', 'Power Steering']"
23,"
Mazda Scrum  2013 PA for Sale",Mazda,Scrum,,"
PKR 10.25 lacs",https://www.pakwheels.com/used-cars/mazda-scrum-2013-for-sale-in-lahore-2603715,2013,"

50,000 km","

Petrol","

Automatic",Un-Registered,White,Imported,660 cc,https://cache1.pakwheels.com/ad_pictures/2213/mazda-scrum-pa-2-2013-22138438.jpg,https://cache4.pakwheels.com/ad_pictures/2213/mazda-scrum-pa-2-2013-22138442.jpg,https://cache4.pakwheels.com/ad_pictures/2213/mazda-scrum-pa-2-2013-22138449.jpg,https://cache2.pakwheels.com/ad_pictures/2213/mazda-scrum-pa-2-2013-22138452.jpg,https://cache1.pakwheels.com/ad_pictures/2213/mazda-scrum-pa-2-2013-22138454.jpg,"['ABS', 'AM/FM Radio', 'Air Bags', 'Air Conditioning', 'Power Locks', 'Power Mirrors', 'Power Steering', 'Power Windows']"
24,"
Mazda Scrum  2013 PA for Sale",Mazda,Scrum,,"
PKR 9 lacs",https://www.pakwheels.com/used-cars/mazda-scrum-2013-for-sale-in-karachi-3190953,2013,"

65,000 km","

Petrol","

Automatic",Un-Registered,White,Imported,660 cc,https://cache4.pakwheels.com/ad_pictures/2833/mazda-scrum-pa-2-2013-28334643.jpg,https://cache3.pakwheels.com/ad_pictures/2833/mazda-scrum-pa-2-2013-28334645.jpg,https://cache2.pakwheels.com/ad_pictures/2833/mazda-scrum-pa-2-2013-28334648.jpg,https://cache2.pakwheels.com/ad_pictures/2833/mazda-scrum-pa-2-2013-28334650.jpg,https://cache3.pakwheels.com/ad_pictures/2833/mazda-scrum-pa-2-2013-28334651.jpg,"['ABS', 'Air Bags', 'Air Conditioning', 'Power Mirrors', 'Power Windows']"
25,"
Mazda Scrum  2013  for Sale",Mazda,Scrum,,"
PKR 7.85 lacs",https://www.pakwheels.com/used-cars/mazda-scrum-2013-for-sale-in-islamabad-3185756,2013,"

100,000 km","

Petrol","

Automatic",Islamabad,White,Imported,660 cc,https://cache3.pakwheels.com/ad_pictures/2827/buick-any-model-225-2013-28274916.jpg,https://cache3.pakwheels.com/ad_pictures/2827/buick-any-model-225-2013-28274927.jpg,https://cache1.pakwheels.com/ad_pictures/2827/buick-any-model-225-2013-28274917.jpg,https://cache1.pakwheels.com/ad_pictures/2827/buick-any-model-225-2013-28274912.jpg,https://cache3.pakwheels.com/ad_pictures/2827/buick-any-model-225-2013-28274915.jpg,[]
26,"
Mazda Scrum  2012 PA for Sale",Mazda,Scrum,,"
PKR 7 lacs",https://www.pakwheels.com/used-cars/mazda-scrum-2012-for-sale-in-wazirabad-3210539,2012,"

100,000 km","

Petrol","

Automatic",Lahore,White,Imported,660 cc,https://cache1.pakwheels.com/ad_pictures/2856/mazda-scrum-pa-2-2012-28561755.jpg,https://cache1.pakwheels.com/ad_pictures/2856/mazda-scrum-pa-2-2012-28561760.jpg,https://cache1.pakwheels.com/ad_pictures/2856/mazda-scrum-pa-2-2012-28561763.jpg,https://cache2.pakwheels.com/ad_pictures/2856/mazda-scrum-pa-2-2012-28561766.jpg,,"['ABS', 'Air Bags', 'Air Conditioning', 'Alloy Rims', 'CD Player']"
27,"
Mazda Scrum  2014  for Sale",Mazda,Scrum,,"
PKR 9.84 lacs",https://www.pakwheels.com/used-cars/mazda-scrum-2014-for-sale-in-multan-3095740,2014,"

44,000 km","

Petrol","

Automatic",Un-Registered,Silver,Imported,660 cc,https://cache4.pakwheels.com/ad_pictures/2726/suzuki-every-pc-2014-27268513.jpg,https://cache1.pakwheels.com/ad_pictures/2726/suzuki-every-pc-2014-27268517.jpg,https://cache4.pakwheels.com/ad_pictures/2726/suzuki-every-pc-2014-27268515.jpg,https://cache4.pakwheels.com/ad_pictures/2726/suzuki-every-pc-2014-27268516.jpg,https://cache3.pakwheels.com/ad_pictures/2726/suzuki-every-pc-2014-27268514.jpg,"['ABS', 'AM/FM Radio', 'Air Bags', 'Air Conditioning', 'Immobilizer Key', 'Keyless Entry', 'Power Locks', 'Power Steering', 'Power Windows']"
28,"
Mazda Scrum  2012 PA for Sale",Mazda,Scrum,PA,"

                        Call",https://www.pakwheels.com/used-cars/mazda-scrum-2012-for-sale-in-rawalpindi-3227608,2012,"

51,000 km","

Petrol","

Automatic",Un-Registered,Black,Imported,660 cc,https://cache2.pakwheels.com/ad_pictures/2876/mazda-scrum-pa-2-2012-28761134.jpg,https://cache4.pakwheels.com/ad_pictures/2876/mazda-scrum-pa-2-2012-28761136.jpg,https://cache2.pakwheels.com/ad_pictures/2876/mazda-scrum-pa-2-2012-28761137.jpg,https://cache3.pakwheels.com/ad_pictures/2876/mazda-scrum-pa-2-2012-28761138.jpg,https://cache2.pakwheels.com/ad_pictures/2876/mazda-scrum-pa-2-2012-28761139.jpg,"['ABS', 'AM/FM Radio', 'Air Bags', 'Air Conditioning', 'Alloy Rims', 'CD Player', 'Cassette Player', 'DVD Player', 'Keyless Entry', 'Navigation System', 'Power Locks', 'Power Mirrors', 'Power Steering', 'Power Windows']"
29,"
Mazda Scrum  2012  for Sale",Mazda,Scrum,,"
PKR 9.5 lacs",https://www.pakwheels.com/used-cars/mazda-scrum-2012-for-sale-in-lahore-3224041,2012,"

183,000 km","

Petrol","

Automatic",Lahore,White,Imported,660 cc,https://cache4.pakwheels.com/ad_pictures/2872/mazda-scrum-2012-28720177.jpg,https://cache4.pakwheels.com/ad_pictures/2872/mazda-scrum-2012-28720178.jpg,https://cache2.pakwheels.com/ad_pictures/2872/mazda-scrum-2012-28720179.jpg,https://cache1.pakwheels.com/ad_pictures/2872/mazda-scrum-2012-28720180.jpg,https://cache2.pakwheels.com/ad_pictures/2872/mazda-scrum-2012-28720181.jpg,"['AM/FM Radio', 'Air Conditioning', 'Power Mirrors', 'Power Steering']"
30,"
Mazda Scrum  2011 BUSTER for Sale",Mazda,Scrum,BUSTER,"
PKR 12.88 lacs",https://www.pakwheels.com/used-cars/mazda-scrum-2011-for-sale-in-faisalabad-3223836,2011,"

90,000 km","

Petrol","

Automatic",Lahore,Black,Imported,660 cc,,,,,,[]
31,"
Mazda Scrum  2010  for Sale",Mazda,Scrum,,"
PKR 8.75 lacs",https://www.pakwheels.com/used-cars/mazda-scrum-2010-for-sale-in-muridkay-3098966,2010,"

100,000 km","

Petrol","

Manual",Un-Registered,Silver,Imported,660 cc,https://cache3.pakwheels.com/ad_pictures/2730/suzuki-every-2010-27304554.jpg,https://cache2.pakwheels.com/ad_pictures/2730/mazda-scrum-2010-v-1-27304551.jpg,https://cache3.pakwheels.com/ad_pictures/2730/suzuki-every-2010-27304557.jpg,https://cache2.pakwheels.com/ad_pictures/2730/suzuki-every-2010-27304556.jpg,https://cache4.pakwheels.com/ad_pictures/2730/suzuki-every-2010-27304555.jpg,[]
32,"
Mazda Scrum  2014 PC for Sale",Mazda,Scrum,,"
PKR 10.5 lacs",https://www.pakwheels.com/used-cars/mazda-scrum-2014-for-sale-in-islamabad-3047665,2014,"

164,364 km","

Petrol","

Automatic",Un-Registered,White,Imported,660 cc,https://cache3.pakwheels.com/ad_pictures/2673/mazda-scrum-pc-2-2014-26737741.jpg,https://cache3.pakwheels.com/ad_pictures/2673/mazda-scrum-pc-2-2014-26737751.jpg,https://cache2.pakwheels.com/ad_pictures/2673/mazda-scrum-pc-2-2014-26737761.jpg,https://cache3.pakwheels.com/ad_pictures/2673/mazda-scrum-pc-2-2014-26737762.jpg,https://cache1.pakwheels.com/ad_pictures/2673/mazda-scrum-pc-2-2014-26737763.jpg,[]
33,"
Mazda Scrum  2008 PA for Sale",Mazda,Scrum,,"
PKR 8.3 lacs",https://www.pakwheels.com/used-cars/mazda-scrum-2008-for-sale-in-saidu-sharif-3209307,2008,"

80,000 km","

Petrol","

Manual",Islamabad,White,Imported,660 cc,https://cache1.pakwheels.com/ad_pictures/2854/mazda-scrum-pa-2-2008-28547371.jpg,https://cache1.pakwheels.com/ad_pictures/2854/mazda-scrum-pa-2-2008-28547372.jpg,https://cache1.pakwheels.com/ad_pictures/2854/mazda-scrum-pa-2-2008-28547277.jpg,https://cache3.pakwheels.com/ad_pictures/2854/mazda-scrum-pa-2-2008-28547270.jpg,https://cache2.pakwheels.com/ad_pictures/2854/mazda-scrum-pa-2-2008-28547276.jpg,[]
34,"
Mazda Scrum  2012  for Sale",Mazda,Scrum,,"
PKR 13 lacs",https://www.pakwheels.com/used-cars/mazda-scrum-2012-for-sale-in-lahore-3201852,2012,"

36,000 km","

Petrol","

Automatic",Lahore,White,Imported,660 cc,https://cache3.pakwheels.com/ad_pictures/2846/mazda-scrum-2012-v-1-28460679.jpg,https://cache3.pakwheels.com/ad_pictures/2846/suzuki-every-wagon-pz-turbo-2-2012-28460671.jpg,https://cache1.pakwheels.com/ad_pictures/2846/suzuki-every-wagon-pz-turbo-2-2012-28460676.jpg,https://cache3.pakwheels.com/ad_pictures/2846/suzuki-every-wagon-pz-turbo-2-2012-28460675.jpg,https://cache3.pakwheels.com/ad_pictures/2846/suzuki-every-wagon-pz-turbo-2-2012-28460673.jpg,"['ABS', 'AM/FM Radio', 'Air Conditioning', 'CD Player', 'Keyless Entry', 'Power Locks', 'Power Mirrors', 'Power Steering', 'Power Windows']"
35,"
Mazda Scrum  2013  for Sale",Mazda,Scrum,,"
PKR 11.5 lacs",https://www.pakwheels.com/used-cars/mazda-scrum-2013-for-sale-in-rawalpindi-3126449,2013,"

128,000 km","

Petrol","

Automatic",Un-Registered,White,Imported,660 cc,https://cache3.pakwheels.com/ad_pictures/2760/mazda-scrum-2013-27609261.jpg,https://cache2.pakwheels.com/ad_pictures/2760/mazda-scrum-2013-27609262.jpg,https://cache4.pakwheels.com/ad_pictures/2760/mazda-scrum-2013-27609264.jpg,https://cache1.pakwheels.com/ad_pictures/2760/mazda-scrum-2013-27609265.jpg,https://cache3.pakwheels.com/ad_pictures/2760/mazda-scrum-2013-27609269.jpg,"['ABS', 'AM/FM Radio', 'Air Bags', 'Air Conditioning', 'CD Player', 'Power Steering']"
36,"
Mazda Scrum  2018 PA for Sale",Mazda,Scrum,PA,"
PKR 9.6 lacs",https://www.pakwheels.com/used-cars/mazda-scrum-2018-for-sale-in-lahore-2546454,2018,"

52,000 km","

Petrol","

Automatic",Un-Registered,White,Imported,660 cc,https://cache1.pakwheels.com/ad_pictures/2146/mazda-scrum-pa-2-2018-21463416.jpg,https://cache1.pakwheels.com/ad_pictures/2146/mazda-scrum-pa-2-2018-21463415.jpg,https://cache3.pakwheels.com/ad_pictures/2146/mazda-scrum-pa-2-2018-21463418.jpg,https://cache4.pakwheels.com/ad_pictures/2146/mazda-scrum-pa-2-2018-21463417.jpg,https://cache4.pakwheels.com/ad_pictures/2146/mazda-scrum-pa-2-2018-21463419.jpg,"['ABS', 'AM/FM Radio', 'Air Bags', 'Air Conditioning', 'CoolBox', 'Keyless Entry', 'Power Locks', 'Power Steering']"
37,"
Mazda Scrum  2015 PC for Sale",Mazda,Scrum,,"
PKR 13.5 lacs",https://www.pakwheels.com/used-cars/mazda-scrum-2015-for-sale-in-lahore-3090951,2015,"

35,000 km","

Petrol","

Automatic",Un-Registered,White,Imported,660 cc,https://cache3.pakwheels.com/ad_pictures/2721/mazda-scrum-pc-2-2015-27216874.jpg,https://cache3.pakwheels.com/ad_pictures/2721/mazda-scrum-pc-2-2015-27216876.jpg,https://cache4.pakwheels.com/ad_pictures/2721/mazda-scrum-pc-2-2015-27216877.jpg,https://cache3.pakwheels.com/ad_pictures/2721/mazda-scrum-pc-2-2015-27216878.jpg,https://cache2.pakwheels.com/ad_pictures/2721/mazda-scrum-pc-2-2015-27216880.jpg,"['ABS', 'AM/FM Radio', 'Air Bags', 'Air Conditioning', 'Power Locks', 'Power Mirrors', 'Power Steering', 'Power Windows']"
38,"
Mazda Scrum  2013 PU for Sale",Mazda,Scrum,PU,"
PKR 9.8 lacs",https://www.pakwheels.com/used-cars/mazda-scrum-2013-for-sale-in-karachi-3265838,2013,"

70,000 km","

Petrol","

Automatic",Un-Registered,White,Imported,660 cc,https://cache4.pakwheels.com/ad_pictures/2920/mazda-scrum-pu-2-2013-29201015.jpg,https://cache4.pakwheels.com/ad_pictures/2920/mazda-scrum-pu-2-2013-29201016.jpg,https://cache1.pakwheels.com/ad_pictures/2920/mazda-scrum-pu-2-2013-29201017.jpg,https://cache2.pakwheels.com/ad_pictures/2920/mazda-scrum-pu-2-2013-29201018.jpg,https://cache1.pakwheels.com/ad_pictures/2920/mazda-scrum-pu-2-2013-29201019.jpg,[]
39,"
Mazda Scrum  2013  for Sale",Mazda,Scrum,,"
PKR 9.75 lacs",https://www.pakwheels.com/used-cars/mazda-scrum-2013-for-sale-in-sialkot-3206777,2013,"

56,000 km","

Petrol","

Automatic",Un-Registered,White,Imported,660 cc,https://cache1.pakwheels.com/ad_pictures/2919/mazda-scrum-2013-29195860.jpg,https://cache1.pakwheels.com/ad_pictures/2919/mazda-scrum-2013-29195859.jpg,https://cache3.pakwheels.com/ad_pictures/2919/mazda-scrum-2013-29195856.jpg,https://cache3.pakwheels.com/ad_pictures/2919/mazda-scrum-2013-29195857.jpg,https://cache3.pakwheels.com/ad_pictures/2919/mazda-scrum-2013-29195858.jpg,"['ABS', 'AM/FM Radio', 'Air Bags', 'Air Conditioning', 'Power Locks', 'Power Steering', 'Power Windows']"
40,"
Mazda Scrum  2010 PC for Sale",Mazda,Scrum,PC,"
PKR 8.5 lacs",https://www.pakwheels.com/used-cars/mazda-scrum-2010-for-sale-in-gujranwala-3251888,2010,"

90,000 km","

Petrol","

Automatic",Lahore,White,Imported,660 cc,https://cache3.pakwheels.com/ad_pictures/2904/mazda-scrum-pc-2-2010-29041627.jpg,https://cache3.pakwheels.com/ad_pictures/2904/mazda-scrum-pc-2-2010-29041632.jpg,https://cache4.pakwheels.com/ad_pictures/2904/mazda-scrum-pc-2-2010-29041635.jpg,https://cache2.pakwheels.com/ad_pictures/2904/mazda-scrum-pc-2-2010-29041639.jpg,https://cache3.pakwheels.com/ad_pictures/2904/mazda-scrum-pc-2-2010-29041641.jpg,"['ABS', 'AM/FM Radio', 'Air Bags', 'Air Conditioning', 'CD Player', 'DVD Player', 'Immobilizer Key', 'Keyless Entry', 'Navigation System', 'Power Locks', 'Power Steering', 'Power Windows']"
41,"
Mazda Scrum  2013 PA for Sale",Mazda,Scrum,,"
PKR 11.5 lacs",https://www.pakwheels.com/used-cars/mazda-scrum-2013-for-sale-in-lahore-3264783,2013,"

35,000 km","

Petrol","

Automatic",Un-Registered,White,Imported,660 cc,https://cache2.pakwheels.com/ad_pictures/2918/mazda-scrum-pa-2-2013-29189434.jpg,https://cache2.pakwheels.com/ad_pictures/2918/mazda-scrum-pa-2-2013-29189435.jpg,https://cache4.pakwheels.com/ad_pictures/2918/mazda-scrum-pa-2-2013-29189436.jpg,https://cache1.pakwheels.com/ad_pictures/2918/mazda-scrum-pa-2-2013-29189437.jpg,https://cache2.pakwheels.com/ad_pictures/2918/mazda-scrum-pa-2-2013-29189438.jpg,[]
42,"
Mazda Scrum  2011 PC for Sale",Mazda,Scrum,,"
PKR 8 lacs",https://www.pakwheels.com/used-cars/mazda-scrum-2011-for-sale-in-multan-3257019,2011,"

65,000 km","

Petrol","

Automatic",Multan,White,Imported,660 cc,https://cache3.pakwheels.com/ad_pictures/2910/mazda-scrum-pc-2-2011-29102625.jpg,https://cache1.pakwheels.com/ad_pictures/2910/mazda-scrum-pc-2-2011-29102626.jpg,https://cache4.pakwheels.com/ad_pictures/2910/mazda-scrum-pc-2-2011-29102627.jpg,https://cache3.pakwheels.com/ad_pictures/2910/mazda-scrum-pc-2-2011-29102628.jpg,,"['ABS', 'AM/FM Radio', 'Air Bags', 'Air Conditioning', 'Power Windows']"
43,"
Mazda Scrum  2013 PA for Sale",Mazda,Scrum,,"
PKR 10.5 lacs",https://www.pakwheels.com/used-cars/mazda-scrum-2013-for-sale-in-rawalpindi-3250705,2013,"

112,000 km","

Petrol","

Automatic",Un-Registered,White,Imported,660 cc,https://cache2.pakwheels.com/ad_pictures/2902/mazda-scrum-pa-2-2013-29028505.jpg,https://cache1.pakwheels.com/ad_pictures/2902/mazda-scrum-pa-2-2013-29028506.jpg,https://cache2.pakwheels.com/ad_pictures/2902/mazda-scrum-pa-2-2013-29028507.jpg,https://cache2.pakwheels.com/ad_pictures/2902/mazda-scrum-pa-2-2013-29028508.jpg,https://cache1.pakwheels.com/ad_pictures/2902/mazda-scrum-pa-2-2013-29028509.jpg,[]
44,"
Mazda Scrum  2013 PA for Sale",Mazda,Scrum,,"
PKR 9.95 lacs",https://www.pakwheels.com/used-cars/mazda-scrum-2013-for-sale-in-sialkot-3207085,2013,"

660 km","

Petrol","

Automatic",Un-Registered,White,Imported,660 cc,https://cache2.pakwheels.com/ad_pictures/2852/mazda-scrum-pa-2-2013-28521590.jpg,https://cache1.pakwheels.com/ad_pictures/2852/mazda-scrum-pa-2-2013-28521593.jpg,https://cache1.pakwheels.com/ad_pictures/2852/mazda-scrum-pa-2-2013-28521588.jpg,https://cache3.pakwheels.com/ad_pictures/2852/mazda-scrum-pa-2-2013-28521592.jpg,https://cache4.pakwheels.com/ad_pictures/2852/mazda-scrum-pa-2-2013-28521587.jpg,"['AM/FM Radio', 'Air Bags', 'Air Conditioning', 'Power Locks', 'Power Steering']"
45,"
Mazda Scrum  2013 PC for Sale",Mazda,Scrum,PC,"
PKR 11 lacs",https://www.pakwheels.com/used-cars/mazda-scrum-2013-for-sale-in-gujranwala-3241694,2013,"

39,000 km","

Petrol","

Manual",Islamabad,White,Imported,660 cc,https://cache2.pakwheels.com/ad_pictures/2892/mazda-scrum-pc-2-2013-28923522.jpg,https://cache1.pakwheels.com/ad_pictures/2892/mazda-scrum-pc-2-2013-28923530.jpg,https://cache3.pakwheels.com/ad_pictures/2892/mazda-scrum-pc-2-2013-28923534.jpg,https://cache4.pakwheels.com/ad_pictures/2892/mazda-scrum-pc-2-2013-28923539.jpg,https://cache3.pakwheels.com/ad_pictures/2892/mazda-scrum-pc-2-2013-28923540.jpg,"['ABS', 'AM/FM Radio', 'Air Bags', 'Air Conditioning', 'CD Player', 'DVD Player', 'Immobilizer Key', 'Keyless Entry', 'Power Locks', 'Power Steering', 'Power Windows']"
46,"
Mazda Scrum  2014 PA for Sale",Mazda,Scrum,PA,"
PKR 10.5 lacs",https://www.pakwheels.com/used-cars/mazda-scrum-2014-for-sale-in-islamabad-3176866,2014,"

5,000 km","

Petrol","

Automatic",Un-Registered,White,Imported,660 cc,https://cache4.pakwheels.com/ad_pictures/2817/mazda-scrum-pa-2-2014-28178017.jpg,https://cache1.pakwheels.com/ad_pictures/2817/mazda-scrum-pa-2-2014-28178018.jpg,https://cache4.pakwheels.com/ad_pictures/2817/mazda-scrum-pa-2-2014-28178019.jpg,https://cache1.pakwheels.com/ad_pictures/2817/mazda-scrum-pa-2-2014-28178020.jpg,,"['AM/FM Radio', 'Air Bags', 'Air Conditioning', 'Cassette Player', 'DVD Player', 'Immobilizer Key', 'Navigation System', 'Power Locks', 'Power Mirrors', 'Power Steering', 'Power Windows']"
47,"
Mazda Scrum  2014 PC for Sale",Mazda,Scrum,,"
PKR 12.5 lacs",https://www.pakwheels.com/used-cars/mazda-scrum-2014-for-sale-in-sialkot-3215399,2014,"

33,000 km","

Petrol","

Manual",Un-Registered,Silver,Imported,660 cc,https://cache3.pakwheels.com/ad_pictures/2861/mazda-scrum-pc-2-2014-28618464.jpg,https://cache3.pakwheels.com/ad_pictures/2861/mazda-scrum-pc-2-2014-28618465.jpg,https://cache1.pakwheels.com/ad_pictures/2861/mazda-scrum-pc-2-2014-28618466.jpg,https://cache3.pakwheels.com/ad_pictures/2861/mazda-scrum-pc-2-2014-28618467.jpg,https://cache2.pakwheels.com/ad_pictures/2861/mazda-scrum-pc-2-2014-28618468.jpg,"['ABS', 'AM/FM Radio', 'Air Bags', 'Air Conditioning', 'CD Player', 'DVD Player', 'Immobilizer Key', 'Keyless Entry', 'Power Locks', 'Power Mirrors', 'Power Steering', 'Power Windows']"
48,"
Mazda Scrum  2013 PA for Sale",Mazda,Scrum,PA,"
PKR 10.5 lacs",https://www.pakwheels.com/used-cars/mazda-scrum-2013-for-sale-in-islamabad-3202922,2013,"

58,000 km","

Petrol","

Automatic",Un-Registered,Silver,Imported,660 cc,https://cache3.pakwheels.com/ad_pictures/2847/mazda-scrum-pa-2-2013-28472808.jpg,https://cache2.pakwheels.com/ad_pictures/2847/mazda-scrum-pa-2-2013-28472809.jpg,https://cache4.pakwheels.com/ad_pictures/2847/mazda-scrum-pa-2-2013-28472810.jpg,https://cache4.pakwheels.com/ad_pictures/2847/mazda-scrum-pa-2-2013-28472811.jpg,https://cache4.pakwheels.com/ad_pictures/2847/mazda-scrum-pa-2-2013-28472812.jpg,[]
49,"
Mazda Scrum  2013 PA for Sale",Mazda,Scrum,PA,"

                        Call",https://www.pakwheels.com/used-cars/mazda-scrum-2013-for-sale-in-karachi-3202246,2013,"

90,600 km","

Petrol","

Automatic",Un-Registered,Silver,Imported,660 cc,https://cache4.pakwheels.com/ad_pictures/2846/mazda-scrum-pa-2-2013-28465422.jpg,https://cache3.pakwheels.com/ad_pictures/2846/mazda-scrum-pa-2-2013-28465423.jpg,https://cache3.pakwheels.com/ad_pictures/2846/mazda-scrum-pa-2-2013-28465424.jpg,https://cache1.pakwheels.com/ad_pictures/2846/mazda-scrum-pa-2-2013-28465425.jpg,https://cache4.pakwheels.com/ad_pictures/2846/mazda-scrum-pa-2-2013-28465426.jpg,"['ABS', 'Air Bags', 'Air Conditioning']"
50,"
Mazda Scrum  2014 PA for Sale",Mazda,Scrum,,"
PKR 11.5 lacs",https://www.pakwheels.com/used-cars/mazda-scrum-2014-for-sale-in-islamabad-3189543,2014,"

114,000 km","

Petrol","

Automatic",Un-Registered,White,Imported,660 cc,https://cache4.pakwheels.com/ad_pictures/2831/mazda-scrum-pa-2-2014-28318620.jpg,https://cache2.pakwheels.com/ad_pictures/2831/mazda-scrum-pa-2-2014-28318622.jpg,https://cache4.pakwheels.com/ad_pictures/2831/mazda-scrum-pa-2-2014-28318623.jpg,https://cache3.pakwheels.com/ad_pictures/2831/mazda-scrum-pa-2-2014-28318624.jpg,https://cache2.pakwheels.com/ad_pictures/2831/mazda-scrum-pa-2-2014-28318625.jpg,[]
51,"
Mazda Scrum  2014 PA for Sale",Mazda,Scrum,,"
PKR 10 lacs",https://www.pakwheels.com/used-cars/mazda-scrum-2014-for-sale-in-multan-3137983,2014,"

65,000 km","

Petrol","

Automatic",Un-Registered,Silver,Imported,660 cc,https://cache4.pakwheels.com/ad_pictures/2773/mazda-scrum-pa-2-2014-27736723.jpg,https://cache1.pakwheels.com/ad_pictures/2773/mazda-scrum-pa-2-2014-27736724.jpg,https://cache1.pakwheels.com/ad_pictures/2773/mazda-scrum-pa-2-2014-27736725.jpg,https://cache3.pakwheels.com/ad_pictures/2773/mazda-scrum-pa-2-2014-27736726.jpg,https://cache1.pakwheels.com/ad_pictures/2773/mazda-scrum-pa-2-2014-27736728.jpg,"['ABS', 'AM/FM Radio', 'Air Bags', 'Air Conditioning', 'Immobilizer Key', 'Power Locks', 'Power Mirrors', 'Power Steering', 'Power Windows']"
52,"
Mazda Scrum  2013 BUSTER for Sale",Mazda,Scrum,BUSTER,"

                        Call",https://www.pakwheels.com/used-cars/mazda-scrum-2013-for-sale-in-karachi-3112380,2013,"

60,000 km","

Petrol","

Automatic",Karachi,Silver,Imported,660 cc,https://cache1.pakwheels.com/ad_pictures/2745/mazda-scrum-buster-2013-27451556.jpg,https://cache2.pakwheels.com/ad_pictures/2745/mazda-scrum-buster-2013-27451557.jpg,https://cache2.pakwheels.com/ad_pictures/2745/mazda-scrum-buster-2013-27451558.jpg,https://cache3.pakwheels.com/ad_pictures/2745/mazda-scrum-buster-2013-27451559.jpg,https://cache2.pakwheels.com/ad_pictures/2745/mazda-scrum-buster-2013-27451560.jpg,"['ABS', 'AM/FM Radio', 'Air Bags', 'Air Conditioning']"
